<?xml version="1.0" encoding="UTF-8"?>
<templates id="template" xml:space="preserve">

    <t t-name="DebugWidget" owl="1">
        <!--<Draggable limitArea="'.pos'">-->
            <div class="debug-widget">
                <!--<header class="drag-handle">
                    <h1>Barcode Scanner</h1>
                </header>
                <div class="toggle" t-on-click="trigger('toggle-debug-widget')" title="Dismiss"
                     role="img" aria-label="Dismiss"><i class="fa fa-times" /></div>-->
                <div class="content">
                    <ul>
                        <li>
                            <input t-model="state.barcodeInput" type="text" class="ean" t-on-focus="addScan_auto" t-on-keyup="addScan_enter"></input>
                        </li>
                        <!--<li class="button barcode" t-on-click="barcodeScan">Scan</li>-->
                    </ul>
                </div>
            </div>
        <!--</Draggable>-->
    </t>

</templates>
